Year,MK01,MK02,MK04,MK05,MK06,MK07,MK08,MK09,MK10,MK11,MK12,MK13,MK14,MK15,MK16,MK17,MK18,MK19,MK21
2023,211519.052631579,51496.94736842107,20445.044412089705,16084.823655385051,59929.94736842107,20115.339802236293,15096.106758297621,12065.26315789474,11969.683368603053,25037.052631578947,15901.368421052633,28409.52631578948,18056.637238592815,19424.105263157893,6422.111957803608,44068.68421052632,6537.284436448391,17182.71729142183,3171.4736842105267
2024,217569.31578947374,52994.684210526335,20963.72193919943,16527.096507408583,61728.684210526335,20662.735685016283,15478.82583114292,12390.578947368425,12257.792954086353,25757.315789473683,16346.210526315792,29219.15789473685,18580.070735602287,19960.631578947367,6604.953969368816,45372.1052631579,6703.08480522784,17674.31683907404,3260.8421052631584
2025,223619.57894736849,54492.4210526316,21483.25214555805,16969.403446258784,63527.4210526316,21210.131567796274,15861.544903988219,12715.89473684211,12550.63443585727,26477.57894736842,16791.05263157895,30028.78947368422,19103.50423261176,20497.15789473684,6788.283436191007,46675.52631578948,6870.734563646134,18165.916386726247,3350.21052631579
