Year,MK01,MK02,MK04,MK05,MK06,MK07,MK08,MK09,MK10,MK11,MK12,MK13,MK14,MK15,MK16,MK17,MK18,MK19,MK21
2023,26949.947368421053,5770.57894736842,624.1678041665367,854.1578947368421,5316.473684210527,809.6842105263158,395.8947368421052,875.6753862304831,444.9999999999625,2302.315789473685,1311.105263157895,2792.315789473685,428.2105263157896,944.6842105263158,196.9473684210526,4036.8196090058223,202.0,720.6842105263158,119.94736842105266
2024,27615.684210526317,5909.473684210525,631.6431514250296,875.9473684210526,5458.842105263158,832.1052631578948,406.3684210526315,902.8092890870882,438.9999999999531,2364.8947368421063,1342.6315789473688,2862.8947368421063,440.263157894737,968.1052631578948,201.68421052631575,4151.633012197892,207.0,740.1052631578948,123.68421052631582
2025,28281.42105263158,6048.36842105263,640.5467174943999,897.7368421052631,5601.21052631579,854.5263157894738,416.8421052631578,929.3067537519553,432.9999999999437,2427.4736842105276,1374.1578947368425,2933.4736842105276,452.3157894736844,991.5263157894738,206.4210526315789,4235.343863283617,212.0,759.5263157894738,127.42105263157899
