Year,MK01,MK02,MK04,MK05,MK06,MK07,MK08,MK09,MK10,MK11,MK12,MK13,MK14,MK15,MK16,MK17,MK18,MK19,MK21
2021,97327868298.42941,19987497268.458817,8679046322.552944,6334777076.188236,21088702404.494118,7323546299.34706,6728428636.888236,5450315182.964707,4807294450.976468,9423610002.570587,5651678932.564705,10188144640.92353,6930921190.129411,7642756144.505881,2851220924.4,15326947343.564705,2516108025.2647057,7611713870.970589,1510291991.1811907
2022,99565921562.01176,20384501238.32352,8833001280.14118,6473817881.735295,21555629636.717648,7470243646.958825,6813583493.135295,5541211093.505884,4904208895.070585,9630418329.588234,5761241393.705881,10395524428.529413,7090463772.211763,7809694726.082352,2924326587.3,15637432433.305882,2564414671.705882,7770548699.588236,1539132288.0384212
2023,101803974825.59412,20781505208.188225,8986956237.729416,6612858687.282354,22022556868.941177,7616940994.57059,6898738349.382354,5632107004.047061,5001123339.164702,9837226656.60588,5870803854.847057,10602904216.135296,7250006354.294116,7976633307.658822,2997432250.2000003,15947917523.047058,2612721318.1470585,7929383528.205883,1567972584.8956516
