Year,MK01,MK02,MK04,MK05,MK06,MK07,MK08,MK09,MK10,MK11,MK12,MK13,MK14,MK15,MK16,MK17,MK18,MK19,MK21
2021,57747.59411764707,41546.50000000001,39565.70588235294,36339.57647058825,40418.53529411765,35076.65294117647,40051.41764705882,42157.741176470605,34940.60588235293,37518.100000000006,34097.2705882353,36973.041176470586,35460.98235294117,43029.37647058822,41333.15882352942,36700.011764705865,34485.26470588235,42741.35882352941,50414.87676049665
2022,58769.51764705884,42281.90000000001,40338.68235294117,37085.97058823531,41155.99411764707,35760.84117647059,40655.547058823526,42928.976470588255,35762.18235294116,38376.00000000001,34817.98823529412,37672.57647058823,36302.95294117647,43907.170588235276,42382.523529411774,37317.96470588233,35299.20588235294,43721.92352941176,51128.11672949153
2023,59791.44117647061,43017.30000000001,41111.658823529404,37832.36470588237,41893.45294117648,36445.029411764706,41259.67647058823,43700.211764705906,36583.758823529395,39233.90000000001,35538.705882352944,38372.11176470588,37144.92352941176,44784.96470588233,43431.88823529413,37935.9176470588,36113.147058823524,44702.48823529411,51841.35669848641
