Year,MK01,MK02,MK04,MK05,MK06,MK07,MK08,MK09,MK10,MK11,MK12,MK13,MK14,MK15,MK16,MK17,MK18,MK19,MK21
2023,243801.0,41437.10526315789,11590.15789473684,10828.114728503147,50729.91160336501,12569.105263157893,8900.040284005128,8553.57894736842,7562.63157894737,16300.105263157893,10451.097857297224,21615.368421052626,9461.629735012144,14225.368421052633,3688.0526315789484,32181.947368421053,3809.2631578947367,11017.686253453605,2076.3684210526317
2024,251310.0,42409.63157894737,11832.94736842105,11065.266282649742,52113.09217944611,12873.631578947367,9076.968288937784,8757.473684210525,7711.789473684213,16674.631578947367,10697.024329435586,22129.210526315783,9683.130092847374,14592.210526315792,3781.3157894736855,33013.68421052632,3884.578947368421,11318.357816817006,2134.2105263157896
2025,258819.0,43382.15789473684,12075.73684210526,11302.417836796336,53499.04333159883,13178.15789473684,9253.387197494598,8961.36842105263,7860.947368421055,17049.15789473684,10942.950801573948,22643.05263157894,9904.705403529073,14959.05263157895,3874.5789473684226,33845.42105263159,3959.894736842105,11619.029380180407,2192.0526315789475
